oss_file,restore_status,update_status
ljmts/0e0a314333981a7efcc16fa32265ae30c99ea438.m3u8,200,200
ljmts/0e0a314333981a7efcc16fa32265ae30c99ea4380.ts,200,200
ljmts/0e0a314333981a7efcc16fa32265ae30c99ea4381.ts,200,200
ljmts/0e0a314333981a7efcc16fa32265ae30c99ea4382.ts,200,200
ljmts/0e0a314333981a7efcc16fa32265ae30c99ea4383.ts,200,200
ljmts/0e0a314333981a7efcc16fa32265ae30c99ea4384.ts,200,200
ljmts/0e0a314333981a7efcc16fa32265ae30c99ea4385.ts,200,200
ljmts/0e0a314333981a7efcc16fa32265ae30c99ea4386.ts,200,200
ljmts/0e0a314333981a7efcc16fa32265ae30c99ea4387.ts,200,200
ljmts/0e0a314333981a7efcc16fa32265ae30c99ea4388.ts,200,200
ljmts/0e0a314333981a7efcc16fa32265ae30c99ea4389.ts,200,200
ljmts/0e0a314333981a7efcc16fa32265ae30c99ea43810.ts,200,200
ljmts/0e0a314333981a7efcc16fa32265ae30c99ea43811.ts,200,200
ljmts/0e0a314333981a7efcc16fa32265ae30c99ea43812.ts,200,200
ljmts/0e0a314333981a7efcc16fa32265ae30c99ea43813.ts,200,200
ljmts/0e0a314333981a7efcc16fa32265ae30c99ea43814.ts,200,200
ljmts/0e0a314333981a7efcc16fa32265ae30c99ea43815.ts,200,200
ljmts/0e0a314333981a7efcc16fa32265ae30c99ea43816.ts,200,200
ljmts/0e0a314333981a7efcc16fa32265ae30c99ea43817.ts,200,200
ljmts/0e0a314333981a7efcc16fa32265ae30c99ea43818.ts,200,200
ljmts/0e0a314333981a7efcc16fa32265ae30c99ea43819.ts,200,200
ljmts/0e0a314333981a7efcc16fa32265ae30c99ea43820.ts,200,200
ljmts/0e0a314333981a7efcc16fa32265ae30c99ea43821.ts,200,200
ljmts/0e0a314333981a7efcc16fa32265ae30c99ea43822.ts,200,200
ljmts/0e0a314333981a7efcc16fa32265ae30c99ea43823.ts,200,200
ljmts/0e0a314333981a7efcc16fa32265ae30c99ea43824.ts,200,200
ljmts/0e0a314333981a7efcc16fa32265ae30c99ea43825.ts,200,200
ljmts/0e0a314333981a7efcc16fa32265ae30c99ea43826.ts,200,200
ljmts/0e0a314333981a7efcc16fa32265ae30c99ea43827.ts,200,200
ljmts/0e0a314333981a7efcc16fa32265ae30c99ea43828.ts,200,200
ljmts/0e0a314333981a7efcc16fa32265ae30c99ea43829.ts,200,200
ljmts/0e0a314333981a7efcc16fa32265ae30c99ea43830.ts,200,200
ljmts/0e0a314333981a7efcc16fa32265ae30c99ea43831.ts,200,200
ljmts/0e0a314333981a7efcc16fa32265ae30c99ea43832.ts,200,200
ljmts/0e0a314333981a7efcc16fa32265ae30c99ea43833.ts,200,200
ljmts/0e0a314333981a7efcc16fa32265ae30c99ea43834.ts,200,200
ljmts/0e0a314333981a7efcc16fa32265ae30c99ea43835.ts,200,200
ljmts/0e0a314333981a7efcc16fa32265ae30c99ea43836.ts,200,200
ljmts/0e0a314333981a7efcc16fa32265ae30c99ea43837.ts,200,200
ljmts/0e0a314333981a7efcc16fa32265ae30c99ea43838.ts,200,200
ljmts/0e0a314333981a7efcc16fa32265ae30c99ea43839.ts,200,200
ljmts/0e0a314333981a7efcc16fa32265ae30c99ea43840.ts,200,200
ljmts/0e0a314333981a7efcc16fa32265ae30c99ea43841.ts,200,200
ljmts/0e0a314333981a7efcc16fa32265ae30c99ea43842.ts,200,200
ljmts/0e0a314333981a7efcc16fa32265ae30c99ea43843.ts,200,200
ljmts/0e0a314333981a7efcc16fa32265ae30c99ea43844.ts,200,200
ljmts/0e0a314333981a7efcc16fa32265ae30c99ea43845.ts,200,200
ljmts/0e0a314333981a7efcc16fa32265ae30c99ea43846.ts,200,200
ljmts/0e0a314333981a7efcc16fa32265ae30c99ea43847.ts,200,200
ljmts/0e0a314333981a7efcc16fa32265ae30c99ea43848.ts,200,200
ljmts/0e0a314333981a7efcc16fa32265ae30c99ea43849.ts,200,200
ljmts/0e0a314333981a7efcc16fa32265ae30c99ea43850.ts,200,200
ljmts/0e0a314333981a7efcc16fa32265ae30c99ea43851.ts,200,200
ljmts/0e0a314333981a7efcc16fa32265ae30c99ea43852.ts,200,200
ljmts/0e0a314333981a7efcc16fa32265ae30c99ea43853.ts,200,200
ljmts/0e0a314333981a7efcc16fa32265ae30c99ea43854.ts,200,200
ljmts/0e0a314333981a7efcc16fa32265ae30c99ea43855.ts,200,200
ljmts/0e0a314333981a7efcc16fa32265ae30c99ea43856.ts,200,200
ljmts/0e0a314333981a7efcc16fa32265ae30c99ea43857.ts,200,200
ljmts/0e0a314333981a7efcc16fa32265ae30c99ea43858.ts,200,200
ljmts/0e0a314333981a7efcc16fa32265ae30c99ea43859.ts,200,200
ljmts/0e0a314333981a7efcc16fa32265ae30c99ea43860.ts,200,200
ljmts/0e0a314333981a7efcc16fa32265ae30c99ea43861.ts,200,200
ljmts/0e0a314333981a7efcc16fa32265ae30c99ea43862.ts,200,200
ljmts/0e0a314333981a7efcc16fa32265ae30c99ea43863.ts,200,200
ljmts/0e0a314333981a7efcc16fa32265ae30c99ea43864.ts,200,200
ljmts/0e0a314333981a7efcc16fa32265ae30c99ea43865.ts,200,200
ljmts/0e0a314333981a7efcc16fa32265ae30c99ea43866.ts,200,200
ljmts/0e0a314333981a7efcc16fa32265ae30c99ea43867.ts,200,200
ljmts/0e0a314333981a7efcc16fa32265ae30c99ea43868.ts,200,200
ljmts/0e0a314333981a7efcc16fa32265ae30c99ea43869.ts,200,200
ljmts/0e0a314333981a7efcc16fa32265ae30c99ea43870.ts,200,200
ljmts/0e0a314333981a7efcc16fa32265ae30c99ea43871.ts,200,200
ljmts/0e0a314333981a7efcc16fa32265ae30c99ea43872.ts,200,200
ljmts/0e0a314333981a7efcc16fa32265ae30c99ea43873.ts,200,200
ljmts/0e0a314333981a7efcc16fa32265ae30c99ea43874.ts,200,200
ljmts/0e0a314333981a7efcc16fa32265ae30c99ea43875.ts,200,200
ljmts/0e0a314333981a7efcc16fa32265ae30c99ea43876.ts,200,200
ljmts/0e0a314333981a7efcc16fa32265ae30c99ea43877.ts,200,200
ljmts/0e0a314333981a7efcc16fa32265ae30c99ea43878.ts,200,200
ljmts/0e0a314333981a7efcc16fa32265ae30c99ea43879.ts,200,200
ljmts/0e0a314333981a7efcc16fa32265ae30c99ea43880.ts,200,200
ljmts/0e0a314333981a7efcc16fa32265ae30c99ea43881.ts,200,200
ljmts/0e0a314333981a7efcc16fa32265ae30c99ea43882.ts,200,200
ljmts/0e0a314333981a7efcc16fa32265ae30c99ea43883.ts,200,200
ljmts/0e0a314333981a7efcc16fa32265ae30c99ea43884.ts,200,200
ljmts/0e0a314333981a7efcc16fa32265ae30c99ea43885.ts,200,200
ljmts/0e0a314333981a7efcc16fa32265ae30c99ea43886.ts,200,200
ljmts/0e0a314333981a7efcc16fa32265ae30c99ea43887.ts,200,200
ljmts/0e0a314333981a7efcc16fa32265ae30c99ea43888.ts,200,200
ljmts/0e0a314333981a7efcc16fa32265ae30c99ea43889.ts,200,200
ljmts/0e0a314333981a7efcc16fa32265ae30c99ea43890.ts,200,200
ljmts/0e0a314333981a7efcc16fa32265ae30c99ea43891.ts,200,200
ljmts/0e0a314333981a7efcc16fa32265ae30c99ea43892.ts,200,200
ljmts/0e0a314333981a7efcc16fa32265ae30c99ea43893.ts,200,200
ljmts/0e0a314333981a7efcc16fa32265ae30c99ea43894.ts,200,200
ljmts/0e0a314333981a7efcc16fa32265ae30c99ea43895.ts,200,200
ljmts/0e0a314333981a7efcc16fa32265ae30c99ea43896.ts,200,200
ljmts/0e0a314333981a7efcc16fa32265ae30c99ea43897.ts,200,200
ljmts/0e0a314333981a7efcc16fa32265ae30c99ea43898.ts,200,200
ljmts/0e0a314333981a7efcc16fa32265ae30c99ea43899.ts,200,200
ljmts/0e0a314333981a7efcc16fa32265ae30c99ea438100.ts,200,200
ljmts/0e0a314333981a7efcc16fa32265ae30c99ea438101.ts,200,200
ljmts/0e0a314333981a7efcc16fa32265ae30c99ea438102.ts,200,200
ljmts/0e0a314333981a7efcc16fa32265ae30c99ea438103.ts,200,200
ljmts/0e0a314333981a7efcc16fa32265ae30c99ea438104.ts,200,200
ljmts/0e0a314333981a7efcc16fa32265ae30c99ea438105.ts,200,200
ljmts/0e0a314333981a7efcc16fa32265ae30c99ea438106.ts,200,200
ljmts/0e0a314333981a7efcc16fa32265ae30c99ea438107.ts,200,200
ljmts/0e0a314333981a7efcc16fa32265ae30c99ea438108.ts,200,200
ljmts/0e0a314333981a7efcc16fa32265ae30c99ea438109.ts,200,200
ljmts/0e0a314333981a7efcc16fa32265ae30c99ea438110.ts,200,200
ljmts/0e0a314333981a7efcc16fa32265ae30c99ea438111.ts,200,200
ljmts/0e0a314333981a7efcc16fa32265ae30c99ea438112.ts,200,200
ljmts/0e0a314333981a7efcc16fa32265ae30c99ea438113.ts,200,200
ljmts/0e0a314333981a7efcc16fa32265ae30c99ea438114.ts,200,200
ljmts/4f2c50af6f4b68e007e6b504ad4792e829a5baae.m3u8,200,200
ljmts/4f2c50af6f4b68e007e6b504ad4792e829a5baae0.ts,200,200
ljmts/4f2c50af6f4b68e007e6b504ad4792e829a5baae1.ts,200,200
ljmts/4f2c50af6f4b68e007e6b504ad4792e829a5baae2.ts,200,200
ljmts/4f2c50af6f4b68e007e6b504ad4792e829a5baae3.ts,200,200
ljmts/4f2c50af6f4b68e007e6b504ad4792e829a5baae4.ts,200,200
ljmts/4f2c50af6f4b68e007e6b504ad4792e829a5baae5.ts,200,200
ljmts/4f2c50af6f4b68e007e6b504ad4792e829a5baae6.ts,200,200
ljmts/4f2c50af6f4b68e007e6b504ad4792e829a5baae7.ts,200,200
ljmts/4f2c50af6f4b68e007e6b504ad4792e829a5baae8.ts,200,200
ljmts/4f2c50af6f4b68e007e6b504ad4792e829a5baae9.ts,200,200
ljmts/4f2c50af6f4b68e007e6b504ad4792e829a5baae10.ts,200,200
ljmts/4f2c50af6f4b68e007e6b504ad4792e829a5baae11.ts,200,200
ljmts/4f2c50af6f4b68e007e6b504ad4792e829a5baae12.ts,200,200
ljmts/4f2c50af6f4b68e007e6b504ad4792e829a5baae13.ts,200,200
ljmts/4f2c50af6f4b68e007e6b504ad4792e829a5baae14.ts,200,200
ljmts/4f2c50af6f4b68e007e6b504ad4792e829a5baae15.ts,200,200
ljmts/4f2c50af6f4b68e007e6b504ad4792e829a5baae16.ts,200,200
ljmts/4f2c50af6f4b68e007e6b504ad4792e829a5baae17.ts,200,200
ljmts/4f2c50af6f4b68e007e6b504ad4792e829a5baae18.ts,200,200
ljmts/4f2c50af6f4b68e007e6b504ad4792e829a5baae19.ts,200,200
ljmts/4f2c50af6f4b68e007e6b504ad4792e829a5baae20.ts,200,200
ljmts/4f2c50af6f4b68e007e6b504ad4792e829a5baae21.ts,200,200
ljmts/4f2c50af6f4b68e007e6b504ad4792e829a5baae22.ts,200,200
ljmts/4f2c50af6f4b68e007e6b504ad4792e829a5baae23.ts,200,200
ljmts/4f2c50af6f4b68e007e6b504ad4792e829a5baae24.ts,200,200
ljmts/4f2c50af6f4b68e007e6b504ad4792e829a5baae25.ts,200,200
ljmts/4f2c50af6f4b68e007e6b504ad4792e829a5baae26.ts,200,200
ljmts/4f2c50af6f4b68e007e6b504ad4792e829a5baae27.ts,200,200
ljmts/4f2c50af6f4b68e007e6b504ad4792e829a5baae28.ts,200,200
ljmts/4f2c50af6f4b68e007e6b504ad4792e829a5baae29.ts,200,200
ljmts/4f2c50af6f4b68e007e6b504ad4792e829a5baae30.ts,200,200
ljmts/4f2c50af6f4b68e007e6b504ad4792e829a5baae31.ts,200,200
ljmts/4f2c50af6f4b68e007e6b504ad4792e829a5baae32.ts,200,200
ljmts/4f2c50af6f4b68e007e6b504ad4792e829a5baae33.ts,200,200
ljmts/4f2c50af6f4b68e007e6b504ad4792e829a5baae34.ts,200,200
ljmts/4f2c50af6f4b68e007e6b504ad4792e829a5baae35.ts,200,200
ljmts/4f2c50af6f4b68e007e6b504ad4792e829a5baae36.ts,200,200
ljmts/4f2c50af6f4b68e007e6b504ad4792e829a5baae37.ts,200,200
ljmts/4f2c50af6f4b68e007e6b504ad4792e829a5baae38.ts,200,200
ljmts/4f2c50af6f4b68e007e6b504ad4792e829a5baae39.ts,200,200
ljmts/4f2c50af6f4b68e007e6b504ad4792e829a5baae40.ts,200,200
ljmts/4f2c50af6f4b68e007e6b504ad4792e829a5baae41.ts,200,200
ljmts/4f2c50af6f4b68e007e6b504ad4792e829a5baae42.ts,200,200
ljmts/4f2c50af6f4b68e007e6b504ad4792e829a5baae43.ts,200,200
ljmts/4f2c50af6f4b68e007e6b504ad4792e829a5baae44.ts,200,200
ljmts/4f2c50af6f4b68e007e6b504ad4792e829a5baae45.ts,200,200
ljmts/4f2c50af6f4b68e007e6b504ad4792e829a5baae46.ts,200,200
ljmts/804483555e248e51d4d4cc8d625b40eb7d261558.m3u8,200,200
ljmts/804483555e248e51d4d4cc8d625b40eb7d2615580.ts,200,200
ljmts/804483555e248e51d4d4cc8d625b40eb7d2615581.ts,200,200
ljmts/804483555e248e51d4d4cc8d625b40eb7d2615582.ts,200,200
ljmts/804483555e248e51d4d4cc8d625b40eb7d2615583.ts,200,200
ljmts/804483555e248e51d4d4cc8d625b40eb7d2615584.ts,200,200
ljmts/804483555e248e51d4d4cc8d625b40eb7d2615585.ts,200,200
ljmts/804483555e248e51d4d4cc8d625b40eb7d2615586.ts,200,200
ljmts/804483555e248e51d4d4cc8d625b40eb7d2615587.ts,200,200
ljmts/804483555e248e51d4d4cc8d625b40eb7d2615588.ts,200,200
ljmts/804483555e248e51d4d4cc8d625b40eb7d2615589.ts,200,200
ljmts/804483555e248e51d4d4cc8d625b40eb7d26155810.ts,200,200
ljmts/804483555e248e51d4d4cc8d625b40eb7d26155811.ts,200,200
ljmts/804483555e248e51d4d4cc8d625b40eb7d26155812.ts,200,200
ljmts/804483555e248e51d4d4cc8d625b40eb7d26155813.ts,200,200
ljmts/804483555e248e51d4d4cc8d625b40eb7d26155814.ts,200,200
ljmts/804483555e248e51d4d4cc8d625b40eb7d26155815.ts,200,200
ljmts/804483555e248e51d4d4cc8d625b40eb7d26155816.ts,200,200
ljmts/804483555e248e51d4d4cc8d625b40eb7d26155817.ts,200,200
ljmts/804483555e248e51d4d4cc8d625b40eb7d26155818.ts,200,200
ljmts/804483555e248e51d4d4cc8d625b40eb7d26155819.ts,200,200
ljmts/804483555e248e51d4d4cc8d625b40eb7d26155820.ts,200,200
ljmts/804483555e248e51d4d4cc8d625b40eb7d26155821.ts,200,200
ljmts/804483555e248e51d4d4cc8d625b40eb7d26155822.ts,200,200
ljmts/804483555e248e51d4d4cc8d625b40eb7d26155823.ts,200,200
ljmts/804483555e248e51d4d4cc8d625b40eb7d26155824.ts,200,200
ljmts/804483555e248e51d4d4cc8d625b40eb7d26155825.ts,200,200
ljmts/804483555e248e51d4d4cc8d625b40eb7d26155826.ts,200,200
ljmts/804483555e248e51d4d4cc8d625b40eb7d26155827.ts,200,200
ljmts/804483555e248e51d4d4cc8d625b40eb7d26155828.ts,200,200
ljmts/804483555e248e51d4d4cc8d625b40eb7d26155829.ts,200,200
ljmts/804483555e248e51d4d4cc8d625b40eb7d26155830.ts,200,200
ljmts/804483555e248e51d4d4cc8d625b40eb7d26155831.ts,200,200
ljmts/804483555e248e51d4d4cc8d625b40eb7d26155832.ts,200,200
ljmts/804483555e248e51d4d4cc8d625b40eb7d26155833.ts,200,200
ljmts/804483555e248e51d4d4cc8d625b40eb7d26155834.ts,200,200
ljmts/804483555e248e51d4d4cc8d625b40eb7d26155835.ts,200,200
ljmts/804483555e248e51d4d4cc8d625b40eb7d26155836.ts,200,200
ljmts/804483555e248e51d4d4cc8d625b40eb7d26155837.ts,200,200
ljmts/804483555e248e51d4d4cc8d625b40eb7d26155838.ts,200,200
ljmts/804483555e248e51d4d4cc8d625b40eb7d26155839.ts,200,200
ljmts/804483555e248e51d4d4cc8d625b40eb7d26155840.ts,200,200
ljmts/804483555e248e51d4d4cc8d625b40eb7d26155841.ts,200,200
ljmts/804483555e248e51d4d4cc8d625b40eb7d26155842.ts,200,200
ljmts/804483555e248e51d4d4cc8d625b40eb7d26155843.ts,200,200
ljmts/804483555e248e51d4d4cc8d625b40eb7d26155844.ts,200,200
ljmts/804483555e248e51d4d4cc8d625b40eb7d26155845.ts,200,200
ljmts/804483555e248e51d4d4cc8d625b40eb7d26155846.ts,200,200
ljmts/804483555e248e51d4d4cc8d625b40eb7d26155847.ts,200,200
ljmts/804483555e248e51d4d4cc8d625b40eb7d26155848.ts,200,200
ljmts/804483555e248e51d4d4cc8d625b40eb7d26155849.ts,200,200
ljmts/804483555e248e51d4d4cc8d625b40eb7d26155850.ts,200,200
ljmts/804483555e248e51d4d4cc8d625b40eb7d26155851.ts,200,200
ljmts/804483555e248e51d4d4cc8d625b40eb7d26155852.ts,200,200
ljmts/804483555e248e51d4d4cc8d625b40eb7d26155853.ts,200,200
ljmts/804483555e248e51d4d4cc8d625b40eb7d26155854.ts,200,200
ljmts/804483555e248e51d4d4cc8d625b40eb7d26155855.ts,200,200
ljmts/804483555e248e51d4d4cc8d625b40eb7d26155856.ts,200,200
ljmts/804483555e248e51d4d4cc8d625b40eb7d26155857.ts,200,200
ljmts/804483555e248e51d4d4cc8d625b40eb7d26155858.ts,200,200
ljmts/804483555e248e51d4d4cc8d625b40eb7d26155859.ts,200,200
ljmts/804483555e248e51d4d4cc8d625b40eb7d26155860.ts,200,200
ljmts/804483555e248e51d4d4cc8d625b40eb7d26155861.ts,200,200
ljmts/804483555e248e51d4d4cc8d625b40eb7d26155862.ts,200,200
ljmts/804483555e248e51d4d4cc8d625b40eb7d26155863.ts,200,200
ljmts/804483555e248e51d4d4cc8d625b40eb7d26155864.ts,200,200
ljmts/804483555e248e51d4d4cc8d625b40eb7d26155865.ts,200,200
ljmts/804483555e248e51d4d4cc8d625b40eb7d26155866.ts,200,200
ljmts/804483555e248e51d4d4cc8d625b40eb7d26155867.ts,200,200
ljmts/804483555e248e51d4d4cc8d625b40eb7d26155868.ts,200,200