oss_file,result
ljmts/5e52ea46dd24a05459cb8096d3af9ae879f419b6.m3u8,204
ljmts/5e52ea46dd24a05459cb8096d3af9ae879f419b60.ts,204
ljmts/5e52ea46dd24a05459cb8096d3af9ae879f419b61.ts,204
ljmts/5e52ea46dd24a05459cb8096d3af9ae879f419b62.ts,204
ljmts/5e52ea46dd24a05459cb8096d3af9ae879f419b63.ts,204
ljmts/5e52ea46dd24a05459cb8096d3af9ae879f419b64.ts,204
ljmts/5e52ea46dd24a05459cb8096d3af9ae879f419b65.ts,204
ljmts/5e52ea46dd24a05459cb8096d3af9ae879f419b66.ts,204
ljmts/5e52ea46dd24a05459cb8096d3af9ae879f419b67.ts,204
ljmts/5e52ea46dd24a05459cb8096d3af9ae879f419b68.ts,204
ljmts/5e52ea46dd24a05459cb8096d3af9ae879f419b69.ts,204
ljmts/5e52ea46dd24a05459cb8096d3af9ae879f419b610.ts,204
ljmts/5e52ea46dd24a05459cb8096d3af9ae879f419b611.ts,204
ljmts/5e52ea46dd24a05459cb8096d3af9ae879f419b612.ts,204
ljmts/5e52ea46dd24a05459cb8096d3af9ae879f419b613.ts,204
ljmts/5e52ea46dd24a05459cb8096d3af9ae879f419b614.ts,204
ljmts/5e52ea46dd24a05459cb8096d3af9ae879f419b615.ts,204
ljmts/5e52ea46dd24a05459cb8096d3af9ae879f419b616.ts,204
ljmts/5e52ea46dd24a05459cb8096d3af9ae879f419b617.ts,204
ljmts/5e52ea46dd24a05459cb8096d3af9ae879f419b618.ts,204
ljmts/5e52ea46dd24a05459cb8096d3af9ae879f419b619.ts,204
ljmts/5e52ea46dd24a05459cb8096d3af9ae879f419b620.ts,204
ljmts/5e52ea46dd24a05459cb8096d3af9ae879f419b621.ts,204
ljmts/5e52ea46dd24a05459cb8096d3af9ae879f419b622.ts,204
ljmts/5e52ea46dd24a05459cb8096d3af9ae879f419b623.ts,204
ljmts/5e52ea46dd24a05459cb8096d3af9ae879f419b624.ts,204
ljmts/5e52ea46dd24a05459cb8096d3af9ae879f419b625.ts,204
ljmts/5e52ea46dd24a05459cb8096d3af9ae879f419b626.ts,204
ljmts/5e52ea46dd24a05459cb8096d3af9ae879f419b627.ts,204
ljmts/5e52ea46dd24a05459cb8096d3af9ae879f419b628.ts,204
ljmts/5e52ea46dd24a05459cb8096d3af9ae879f419b629.ts,204
ljmts/5e52ea46dd24a05459cb8096d3af9ae879f419b630.ts,204
ljmts/5e52ea46dd24a05459cb8096d3af9ae879f419b631.ts,204
ljmts/5e52ea46dd24a05459cb8096d3af9ae879f419b632.ts,204
ljmts/5e52ea46dd24a05459cb8096d3af9ae879f419b633.ts,204
ljmts/5e52ea46dd24a05459cb8096d3af9ae879f419b634.ts,204
ljmts/5e52ea46dd24a05459cb8096d3af9ae879f419b635.ts,204
ljmts/5e52ea46dd24a05459cb8096d3af9ae879f419b636.ts,204
ljmts/5e52ea46dd24a05459cb8096d3af9ae879f419b637.ts,204
ljmts/5e52ea46dd24a05459cb8096d3af9ae879f419b638.ts,204
ljmts/5e52ea46dd24a05459cb8096d3af9ae879f419b639.ts,204
ljmts/5e52ea46dd24a05459cb8096d3af9ae879f419b640.ts,204
ljmts/5e52ea46dd24a05459cb8096d3af9ae879f419b641.ts,204
ljmts/5e52ea46dd24a05459cb8096d3af9ae879f419b642.ts,204
ljmts/5e52ea46dd24a05459cb8096d3af9ae879f419b643.ts,204
ljmts/5e52ea46dd24a05459cb8096d3af9ae879f419b644.ts,204
ljmts/5e52ea46dd24a05459cb8096d3af9ae879f419b645.ts,204
ljmts/5e52ea46dd24a05459cb8096d3af9ae879f419b646.ts,204
ljmts/5e52ea46dd24a05459cb8096d3af9ae879f419b647.ts,204
ljmts/5e52ea46dd24a05459cb8096d3af9ae879f419b648.ts,204
ljmts/5e52ea46dd24a05459cb8096d3af9ae879f419b649.ts,204
ljmts/5e52ea46dd24a05459cb8096d3af9ae879f419b650.ts,204
ljmts/5e52ea46dd24a05459cb8096d3af9ae879f419b651.ts,204
ljmts/5e52ea46dd24a05459cb8096d3af9ae879f419b652.ts,204
ljmts/5e52ea46dd24a05459cb8096d3af9ae879f419b653.ts,204
ljmts/5e52ea46dd24a05459cb8096d3af9ae879f419b654.ts,204
ljmts/5e52ea46dd24a05459cb8096d3af9ae879f419b655.ts,204
ljmts/5e52ea46dd24a05459cb8096d3af9ae879f419b656.ts,204
ljmts/5e52ea46dd24a05459cb8096d3af9ae879f419b657.ts,204
ljmts/5e52ea46dd24a05459cb8096d3af9ae879f419b658.ts,204
ljmts/5e52ea46dd24a05459cb8096d3af9ae879f419b659.ts,204
ljmts/5e52ea46dd24a05459cb8096d3af9ae879f419b660.ts,204
ljmts/5e52ea46dd24a05459cb8096d3af9ae879f419b661.ts,204
ljmts/5e52ea46dd24a05459cb8096d3af9ae879f419b662.ts,204
ljmts/5e52ea46dd24a05459cb8096d3af9ae879f419b663.ts,204
ljmts/5e52ea46dd24a05459cb8096d3af9ae879f419b664.ts,204
ljmts/5e52ea46dd24a05459cb8096d3af9ae879f419b665.ts,204
ljmts/5e52ea46dd24a05459cb8096d3af9ae879f419b666.ts,204
ljmts/5e52ea46dd24a05459cb8096d3af9ae879f419b667.ts,204
ljmts/5e52ea46dd24a05459cb8096d3af9ae879f419b668.ts,204
ljmts/5e52ea46dd24a05459cb8096d3af9ae879f419b669.ts,204
ljmts/5e52ea46dd24a05459cb8096d3af9ae879f419b670.ts,204
ljmts/5e52ea46dd24a05459cb8096d3af9ae879f419b671.ts,204
ljmts/5e52ea46dd24a05459cb8096d3af9ae879f419b672.ts,204
ljmts/5e52ea46dd24a05459cb8096d3af9ae879f419b673.ts,204
ljmts/5e52ea46dd24a05459cb8096d3af9ae879f419b674.ts,204
ljmts/5e52ea46dd24a05459cb8096d3af9ae879f419b675.ts,204
ljmts/5e52ea46dd24a05459cb8096d3af9ae879f419b676.ts,204
ljmts/5e52ea46dd24a05459cb8096d3af9ae879f419b677.ts,204
ljmts/5e52ea46dd24a05459cb8096d3af9ae879f419b678.ts,204
ljmts/5e52ea46dd24a05459cb8096d3af9ae879f419b679.ts,204
ljmts/5e52ea46dd24a05459cb8096d3af9ae879f419b680.ts,204
ljmts/5e52ea46dd24a05459cb8096d3af9ae879f419b681.ts,204
ljmts/5e52ea46dd24a05459cb8096d3af9ae879f419b682.ts,204
ljmts/5e52ea46dd24a05459cb8096d3af9ae879f419b683.ts,204
ljmts/5e52ea46dd24a05459cb8096d3af9ae879f419b684.ts,204
ljmts/5e52ea46dd24a05459cb8096d3af9ae879f419b685.ts,204
ljmts/5e52ea46dd24a05459cb8096d3af9ae879f419b686.ts,204
ljmts/5e52ea46dd24a05459cb8096d3af9ae879f419b687.ts,204
ljmts/5e52ea46dd24a05459cb8096d3af9ae879f419b688.ts,204
ljmts/5e52ea46dd24a05459cb8096d3af9ae879f419b689.ts,204
ljmts/5e52ea46dd24a05459cb8096d3af9ae879f419b690.ts,204
ljmts/5e52ea46dd24a05459cb8096d3af9ae879f419b691.ts,204
ljmts/5e52ea46dd24a05459cb8096d3af9ae879f419b692.ts,204
ljmts/5e52ea46dd24a05459cb8096d3af9ae879f419b693.ts,204
ljmts/5e52ea46dd24a05459cb8096d3af9ae879f419b694.ts,204
ljmts/5e52ea46dd24a05459cb8096d3af9ae879f419b695.ts,204
ljmts/5e52ea46dd24a05459cb8096d3af9ae879f419b696.ts,204
ljmts/5e52ea46dd24a05459cb8096d3af9ae879f419b697.ts,204
ljmts/5e52ea46dd24a05459cb8096d3af9ae879f419b698.ts,204
ljmts/5e52ea46dd24a05459cb8096d3af9ae879f419b699.ts,204
ljmts/5e52ea46dd24a05459cb8096d3af9ae879f419b6100.ts,204
ljmts/5e52ea46dd24a05459cb8096d3af9ae879f419b6101.ts,204
ljmts/5e52ea46dd24a05459cb8096d3af9ae879f419b6102.ts,204
ljmts/5e52ea46dd24a05459cb8096d3af9ae879f419b6103.ts,204
ljmts/5e52ea46dd24a05459cb8096d3af9ae879f419b6104.ts,204
ljmts/5e52ea46dd24a05459cb8096d3af9ae879f419b6105.ts,204
ljmts/5e52ea46dd24a05459cb8096d3af9ae879f419b6106.ts,204
ljmts/5e52ea46dd24a05459cb8096d3af9ae879f419b6107.ts,204
ljmts/5e52ea46dd24a05459cb8096d3af9ae879f419b6108.ts,204
ljmts/5e52ea46dd24a05459cb8096d3af9ae879f419b6109.ts,204
ljmts/5e52ea46dd24a05459cb8096d3af9ae879f419b6110.ts,204
ljmts/5e52ea46dd24a05459cb8096d3af9ae879f419b6111.ts,204
ljmts/5e52ea46dd24a05459cb8096d3af9ae879f419b6112.ts,204
ljmts/5e52ea46dd24a05459cb8096d3af9ae879f419b6113.ts,204
ljmts/5e52ea46dd24a05459cb8096d3af9ae879f419b6114.ts,204
ljmts/5e52ea46dd24a05459cb8096d3af9ae879f419b6115.ts,204
ljmts/5e52ea46dd24a05459cb8096d3af9ae879f419b6116.ts,204
ljmts/5e52ea46dd24a05459cb8096d3af9ae879f419b6117.ts,204
ljmts/5e52ea46dd24a05459cb8096d3af9ae879f419b6118.ts,204
ljmts/5e52ea46dd24a05459cb8096d3af9ae879f419b6119.ts,204
ljmts/5e52ea46dd24a05459cb8096d3af9ae879f419b6120.ts,204
ljmts/5e52ea46dd24a05459cb8096d3af9ae879f419b6121.ts,204
ljmts/5e52ea46dd24a05459cb8096d3af9ae879f419b6122.ts,204
ljmts/5e52ea46dd24a05459cb8096d3af9ae879f419b6123.ts,204
ljmts/5e52ea46dd24a05459cb8096d3af9ae879f419b6124.ts,204
ljmts/5e52ea46dd24a05459cb8096d3af9ae879f419b6125.ts,204
ljmts/5e52ea46dd24a05459cb8096d3af9ae879f419b6126.ts,204
ljmts/5e52ea46dd24a05459cb8096d3af9ae879f419b6127.ts,204
ljmts/5e52ea46dd24a05459cb8096d3af9ae879f419b6128.ts,204
ljmts/5e52ea46dd24a05459cb8096d3af9ae879f419b6129.ts,204
ljmts/5e52ea46dd24a05459cb8096d3af9ae879f419b6130.ts,204
ljmts/5e52ea46dd24a05459cb8096d3af9ae879f419b6131.ts,204
ljmts/5e52ea46dd24a05459cb8096d3af9ae879f419b6132.ts,204
ljmts/5e52ea46dd24a05459cb8096d3af9ae879f419b6133.ts,204
ljmts/5e52ea46dd24a05459cb8096d3af9ae879f419b6134.ts,204
ljmts/5e52ea46dd24a05459cb8096d3af9ae879f419b6135.ts,204
ljmts/5e52ea46dd24a05459cb8096d3af9ae879f419b6136.ts,204
ljmts/5e52ea46dd24a05459cb8096d3af9ae879f419b6137.ts,204
ljmts/5e52ea46dd24a05459cb8096d3af9ae879f419b6138.ts,204
ljmts/5e52ea46dd24a05459cb8096d3af9ae879f419b6139.ts,204
ljmts/5e52ea46dd24a05459cb8096d3af9ae879f419b6140.ts,204
ljmts/5e52ea46dd24a05459cb8096d3af9ae879f419b6141.ts,204
ljmts/5e52ea46dd24a05459cb8096d3af9ae879f419b6142.ts,204
ljmts/5e52ea46dd24a05459cb8096d3af9ae879f419b6143.ts,204
ljmts/5e52ea46dd24a05459cb8096d3af9ae879f419b6144.ts,204
ljmts/5e52ea46dd24a05459cb8096d3af9ae879f419b6145.ts,204
ljmts/5e52ea46dd24a05459cb8096d3af9ae879f419b6146.ts,204
ljmts/5e52ea46dd24a05459cb8096d3af9ae879f419b6147.ts,204
ljmts/5e52ea46dd24a05459cb8096d3af9ae879f419b6148.ts,204
ljmts/5e52ea46dd24a05459cb8096d3af9ae879f419b6149.ts,204
ljmts/5e52ea46dd24a05459cb8096d3af9ae879f419b6150.ts,204
ljmts/5e52ea46dd24a05459cb8096d3af9ae879f419b6151.ts,204
ljmts/5e52ea46dd24a05459cb8096d3af9ae879f419b6152.ts,204
ljmts/5e52ea46dd24a05459cb8096d3af9ae879f419b6153.ts,204
ljmts/5e52ea46dd24a05459cb8096d3af9ae879f419b6154.ts,204
ljmts/5e52ea46dd24a05459cb8096d3af9ae879f419b6155.ts,204
ljmts/5e52ea46dd24a05459cb8096d3af9ae879f419b6156.ts,204
ljmts/5e52ea46dd24a05459cb8096d3af9ae879f419b6157.ts,204
ljmts/5e52ea46dd24a05459cb8096d3af9ae879f419b6158.ts,204
ljmts/5e52ea46dd24a05459cb8096d3af9ae879f419b6159.ts,204
ljmts/5e52ea46dd24a05459cb8096d3af9ae879f419b6160.ts,204
ljmts/5e52ea46dd24a05459cb8096d3af9ae879f419b6161.ts,204
ljmts/5e52ea46dd24a05459cb8096d3af9ae879f419b6162.ts,204
ljmts/5e52ea46dd24a05459cb8096d3af9ae879f419b6163.ts,204
ljmts/5e52ea46dd24a05459cb8096d3af9ae879f419b6164.ts,204
ljmts/5e52ea46dd24a05459cb8096d3af9ae879f419b6165.ts,204
ljmts/5e52ea46dd24a05459cb8096d3af9ae879f419b6166.ts,204
ljmts/5e52ea46dd24a05459cb8096d3af9ae879f419b6167.ts,204
ljmts/5e52ea46dd24a05459cb8096d3af9ae879f419b6168.ts,204
ljmts/5e52ea46dd24a05459cb8096d3af9ae879f419b6169.ts,204
ljmts/5e52ea46dd24a05459cb8096d3af9ae879f419b6170.ts,204
ljmts/5e52ea46dd24a05459cb8096d3af9ae879f419b6171.ts,204
ljmts/5e52ea46dd24a05459cb8096d3af9ae879f419b6172.ts,204
ljmts/5e52ea46dd24a05459cb8096d3af9ae879f419b6173.ts,204
ljmts/5e52ea46dd24a05459cb8096d3af9ae879f419b6174.ts,204
ljmts/5e52ea46dd24a05459cb8096d3af9ae879f419b6175.ts,204
ljmts/5e52ea46dd24a05459cb8096d3af9ae879f419b6176.ts,204
ljmts/5e52ea46dd24a05459cb8096d3af9ae879f419b6177.ts,204
ljmts/5e52ea46dd24a05459cb8096d3af9ae879f419b6178.ts,204
ljmts/5e52ea46dd24a05459cb8096d3af9ae879f419b6179.ts,204
ljmts/5e52ea46dd24a05459cb8096d3af9ae879f419b6180.ts,204
ljmts/5e52ea46dd24a05459cb8096d3af9ae879f419b6181.ts,204
ljmts/5e52ea46dd24a05459cb8096d3af9ae879f419b6182.ts,204
ljmts/5e52ea46dd24a05459cb8096d3af9ae879f419b6183.ts,204
ljmts/5e52ea46dd24a05459cb8096d3af9ae879f419b6184.ts,204